threshold,precision,recall,f1
0.01,0.2654364797728886,1.0,0.4195176668536175
0.02,0.27601476014760146,1.0,0.43262001156738
0.03,0.2898212898212898,0.9973262032085561,0.44912703190848885
0.04,0.2983159582999198,0.9946524064171123,0.458975940777298
0.05,0.3074380165289256,0.9946524064171123,0.4696969696969697
0.060000000000000005,0.3157894736842105,0.9946524064171123,0.4793814432989691
0.06999999999999999,0.3223570190641248,0.9946524064171123,0.4869109947643979
0.08,0.32891246684350134,0.9946524064171123,0.4943521594684385
0.09,0.33514001806684734,0.9919786096256684,0.5010128291694801
0.09999999999999999,0.3419354838709677,0.9919786096256684,0.5085675119945168
0.11,0.3464788732394366,0.9866310160427807,0.512856150104239
0.12,0.3548076923076923,0.9866310160427807,0.521923620933522
0.13,0.36113837095191365,0.983957219251337,0.5283560660445082
0.14,0.367,0.9812834224598931,0.5342066957787481
0.15000000000000002,0.3727087576374745,0.9786096256684492,0.5398230088495575
0.16,0.3772020725388601,0.9732620320855615,0.5436893203883495
0.17,0.38065194532071506,0.9679144385026738,0.5464150943396227
0.18000000000000002,0.3840425531914894,0.9652406417112299,0.5494672754946728
0.19,0.3883495145631068,0.9625668449197861,0.5534204458109147
0.2,0.39087947882736157,0.9625668449197861,0.555984555984556
0.21000000000000002,0.39403973509933776,0.9545454545454546,0.5578125
0.22,0.40135287485907556,0.9518716577540107,0.5646312450436162
0.23,0.4043528064146621,0.9438502673796791,0.566158781074579
0.24000000000000002,0.411901983663944,0.9438502673796791,0.5735174654752234
0.25,0.41706161137440756,0.9411764705882353,0.5779967159277504
0.26,0.4215568862275449,0.9411764705882353,0.5822994210090985
0.27,0.423728813559322,0.9358288770053476,0.5833333333333334
0.28,0.42769607843137253,0.9331550802139037,0.5865546218487395
0.29000000000000004,0.42874845105328374,0.9251336898395722,0.5859441151566469
0.3,0.4339622641509434,0.9224598930481284,0.5902480752780154
0.31,0.438058748403576,0.9171122994652406,0.5929127052722558
0.32,0.44129032258064516,0.9144385026737968,0.5953002610966057
0.33,0.44502617801047123,0.9090909090909091,0.5975395430579965
0.34,0.44754316069057104,0.9010695187165776,0.5980479148181012
0.35000000000000003,0.4527027027027027,0.8957219251336899,0.6014362657091562
0.36000000000000004,0.4547945205479452,0.8877005347593583,0.6014492753623188
0.37,0.4563106796116505,0.8796791443850267,0.6009132420091324
0.38,0.461212976022567,0.8743315508021391,0.6038781163434903
0.39,0.46285714285714286,0.8663101604278075,0.6033519553072626
0.4,0.46938775510204084,0.8609625668449198,0.6075471698113207
0.41000000000000003,0.4749262536873156,0.8609625668449198,0.6121673003802282
0.42000000000000004,0.47477744807121663,0.8556149732620321,0.6106870229007634
0.43,0.4766214177978884,0.8449197860962567,0.609450337512054
0.44,0.48228043143297383,0.8368983957219251,0.6119257086999023
0.45,0.4867807153965785,0.8368983957219251,0.615535889872173
0.46,0.4881516587677725,0.8262032085561497,0.6137040714995035
0.47000000000000003,0.49356913183279744,0.820855614973262,0.6164658634538153
0.48000000000000004,0.4991735537190083,0.8074866310160428,0.616956077630235
0.49,0.4991624790619765,0.7967914438502673,0.6138002059732235
0.5,0.5033783783783784,0.7967914438502673,0.6169772256728778
0.51,0.5085616438356164,0.7941176470588235,0.6200417536534447
0.52,0.5130890052356021,0.786096256684492,0.6209081309398099
0.53,0.518783542039356,0.7754010695187166,0.6216505894962486
0.54,0.5246800731261426,0.767379679144385,0.6232356134636265
0.55,0.5297397769516728,0.7620320855614974,0.625
0.56,0.5383141762452107,0.7513368983957219,0.6272321428571429
0.5700000000000001,0.5402750491159135,0.7352941176470589,0.622876557191393
0.5800000000000001,0.5515151515151515,0.7299465240641712,0.6283084004602992
0.59,0.5585215605749486,0.7272727272727273,0.6318234610917538
0.6,0.5636743215031316,0.7219251336898396,0.6330597889800703
0.61,0.5692963752665245,0.713903743315508,0.6334519572953736
0.62,0.5726872246696035,0.6951871657754011,0.6280193236714976
0.63,0.5788288288288288,0.6871657754010695,0.628361858190709
0.64,0.5750577367205543,0.6657754010695187,0.6171003717472119
0.65,0.5853080568720379,0.660427807486631,0.6206030150753769
0.66,0.5872235872235873,0.6390374331550802,0.6120358514724712
0.67,0.589873417721519,0.6229946524064172,0.6059817945383615
0.68,0.599483204134367,0.6203208556149733,0.6097240473061761
0.6900000000000001,0.6205962059620597,0.6122994652406417,0.6164199192462988
0.7000000000000001,0.6451612903225806,0.5882352941176471,0.6153846153846154
0.7100000000000001,0.6504559270516718,0.5721925133689839,0.6088193456614509
0.72,0.6489028213166145,0.553475935828877,0.5974025974025974
0.73,0.6516129032258065,0.5401069518716578,0.5906432748538012
0.74,0.6644067796610169,0.5240641711229946,0.585949177877429
0.75,0.6810035842293907,0.5080213903743316,0.5819295558958653
0.76,0.6908396946564885,0.4839572192513369,0.5691823899371069
0.77,0.6907630522088354,0.45989304812834225,0.5521669341894061
0.78,0.6949152542372882,0.4385026737967914,0.5377049180327869
0.79,0.7177033492822966,0.40106951871657753,0.5145797598627787
0.8,0.7150259067357513,0.3689839572192513,0.48677248677248675
0.81,0.717391304347826,0.35294117647058826,0.4731182795698925
0.8200000000000001,0.7361963190184049,0.32085561497326204,0.44692737430167595
0.8300000000000001,0.75,0.3048128342245989,0.43346007604562736
0.8400000000000001,0.7676056338028169,0.2914438502673797,0.42248062015503873
0.85,0.7878787878787878,0.27807486631016043,0.41106719367588934
0.86,0.8103448275862069,0.25133689839572193,0.3836734693877551
0.87,0.8207547169811321,0.232620320855615,0.3625
0.88,0.8333333333333334,0.21390374331550802,0.3404255319148936
0.89,0.8461538461538461,0.17647058823529413,0.2920353982300885
0.9,0.8484848484848485,0.1497326203208556,0.2545454545454545
0.91,0.8679245283018868,0.12299465240641712,0.2154566744730679
0.92,0.8571428571428571,0.0962566844919786,0.17307692307692307
0.93,0.8214285714285714,0.06149732620320856,0.11442786069651742
0.9400000000000001,0.875,0.0374331550802139,0.07179487179487179
0.9500000000000001,1.0,0.01871657754010695,0.03674540682414698
0.9600000000000001,1.0,0.008021390374331552,0.015915119363395226
0.97,1.0,0.00267379679144385,0.005333333333333333
0.98,0.0,0.0,0.0
0.99,0.0,0.0,0.0
